id,name,email,phone_number
1,Jeremy M. Avila,JeremyMAvila@jourrapide.com,662-793-2966
2,Chris M. Carney,ChrisMCarney@jourrapide.com,216-382-0538
3,Willie M. Cross,WillieMCross@armyspy.com,217-240-4177
4,Justin E. Daniels,JustinEDaniels@dayrep.com,818-758-7270
5,Douglas G. Napier,DouglasGNapier@rhyta.com,507-725-4540
6,Robert B. Hardaway,RobertBHardaway@rhyta.com,916-714-4292
7,Walter J. Jimenez,WalterJJimenez@jourrapide.com,386-364-6473
8,Jeremy M. Avila,JeremyMAvila@jourrapide.com,662-793-2966
9,Chris M. Carney,ChrisMCarney@jourrapide.com,216-382-0538
10,Willie M. Cross,WillieMCross@armyspy.com,217-240-4177
11,Justin E. Daniels,JustinEDaniels@dayrep.com,818-758-7270
12,Douglas G. Napier,DouglasGNapier@rhyta.com,507-725-4540
13,Robert B. Hardaway,RobertBHardaway@rhyta.com,916-714-4292
14,Walter J. Jimenez,WalterJJimenez@jourrapide.com,386-364-6473
15,Jeremy M. Avila,JeremyMAvila@jourrapide.com,662-793-2966
16,Chris M. Carney,ChrisMCarney@jourrapide.com,216-382-0538
17,Willie M. Cross,WillieMCross@armyspy.com,217-240-4177
18,Justin E. Daniels,JustinEDaniels@dayrep.com,818-758-7270
19,Douglas G. Napier,DouglasGNapier@rhyta.com,507-725-4540
20,Robert B. Hardaway,RobertBHardaway@rhyta.com,916-714-4292
21,Walter J. Jimenez,WalterJJimenez@jourrapide.com,386-364-6473
22,Douglas G. Napier,DouglasGNapier@rhyta.com,507-725-4540
23,Robert B. Hardaway,RobertBHardaway@rhyta.com,916-714-4292
24,Walter J. Jimenez,WalterJJimenez@jourrapide.com,386-364-6473